{"m_DefineSymbols":{"m_Value":[{"first":1,"second":"PROBUILDER_EXPERIMENTAL_FEATURES"},{"first":7,"second":"PROBUILDER_EXPERIMENTAL_FEATURES"},{"first":13,"second":"PROBUILDER_EXPERIMENTAL_FEATURES"},{"first":14,"second":"PROBUILDER_EXPERIMENTAL_FEATURES"},{"first":19,"second":"PROBUILDER_EXPERIMENTAL_FEATURES"},{"first":21,"second":"PROBUILDER_EXPERIMENTAL_FEATURES"},{"first":25,"second":"PROBUILDER_EXPERIMENTAL_FEATURES"},{"first":27,"second":"PROBUILDER_EXPERIMENTAL_FEATURES"},{"first":28,"second":"PROBUILDER_EXPERIMENTAL_FEATURES"},{"first":29,"second":"PROBUILDER_EXPERIMENTAL_FEATURES"},{"first":30,"second":"PROBUILDER_EXPERIMENTAL_FEATURES"},{"first":32,"second":"PROBUILDER_EXPERIMENTAL_FEATURES"},{"first":33,"second":"PROBUILDER_EXPERIMENTAL_FEATURES"}],"m_Initialized":true},"m_AllowUnsafeCode":{"m_Value":false,"m_Initialized":false},"m_ScriptDebugInfoEnabled":{"m_Value":false,"m_Initialized":true}}